Timestamp,Your name?,What is the name of your event?,Where will your mapping party be held?,Please insert a link to your venue on openstreetmap.org,Please insert a link where people can sign up,What date is your event taking place? (as YYYY-MM-DD),What time does your event start?,What time does your event end?,Country?,Is this is part of OSM GeoWeek 2020? (Nov 15-21),lat,long
6/2/2020 8:08:04,,Missing Maps Cambridge,Online,https://www.openstreetmap.org/relation/295355,https://www.eventbrite.co.uk/e/missing-maps-june-joint-online-mapathon-cambridge-tickets-75292079637,2020-06-02,19:00,22:00,This is an event for remote participation only [XX],,,
6/3/2020 17:33:53,Chloe Monnot,CFE Intern Mapathon,Microsoft - Online!,https://www.openstreetmap.org/,https://www.openstreetmap.org/,2020-06-23,12:00pm,2:00pm,United States of America [US],,,
6/5/2020 18:53:27,John Avola,CEM Missing Maps Mapathon,"Memphis, TN",https://www.openstreetmap.org/,https://fedex.yourcause.com/home#/newvolunteer/event/830826,2020-06-19,1pm CST,3pm CST,United States of America [US],,,
6/6/2020 11:35:50,Swarnima Sircar,Mapathon for Cyclone Amphan,Singapore,https://www.openstreetmap.org/,https://www.eventbrite.sg/e/mapathon-for-cyclone-amphan-tickets-107548717108,2020-06-07,14:00,15:00,Singapore [SG],,,
6/6/2020 14:50:38,adszinc,"Missing Maps CYCLONE AMPHAN - SAGAR ISLANDS, WEST BENGAL",Remote / Salesforce tower,https://www.openstreetmap.org/way/431972186,https://www.eventbrite.com/o/30446697364,2020-06-19,3:00 pm PST,5:00 pm PST,United States of America [US],,,
6/8/2020 9:02:53,Jana Bauerova,MSF-Missing Maps CZ SK Mid-month mapathon,online,https://www.openstreetmap.org/search?query=Prague#map=7/49.529/17.435,https://osmcal.org/event/252/,2020-06-24,18:00,19:30,Czechia [CZ],,,
6/8/2020 12:41:26,,Mapathon challenge,"Accenture, Newcastle, UK",https://www.openstreetmap.org/node/195885858#map=16/54.9684/-1.6170,https://www.accenture.com/,2020-06-15,08:00,17:00,United Kingdom of Great Britain and Northern Ireland [GB],,,
6/9/2020 14:54:36,,Missing Maps Berlin Online Mapathon,Online,https://www.openstreetmap.org, https://www.eventbrite.de/e/missing-maps-online-mapathon-tickets-108664933742,2020-06-24,19:00,22:00,Germany [DE],,,
6/10/2020 21:19:15,,SSF QSPOC Missing Maps,South San Francisco,https://www.openstreetmap.org/,https://www.eventbrite.com/e/ssf-qspoc-missing-map-tickets-109066488804,2020-06-16,11:00 AM,12:00 PM,United States of America [US],,,
6/15/2020 15:10:11,,Grainger Rangers Mapping,Online in teams,https://www.openstreetmap.org/way/282932118853/-87.63548,https://teams.microsoft.com/l/meetup-join/19%3ameeting_MTI1NmVmM2MtZWIzMi00OTAwLThhZTAtMTA2MjFlZWY3Mjk2%40thread.v2/0?context=%7b%22Tid%22%3a%2248d1dcb6-bccc-4365-ac7f-b937a7f7fd71%22%2c%22Oid%22%3a%2297628763-5aee-4fb4-af99-128d0526583e%22%7d,2020-06-25,3:30 PM CST,5:00 PM CST,United States of America [US],,,
6/16/2020 7:03:17,,Missing Maps London,Online,https://www.openstreetmap.org/relation/65606,https://www.eventbrite.co.uk/e/missing-maps-july-mapathon-tickets-109682932604,2020-07-07,19:00,22:00,United Kingdom of Great Britain and Northern Ireland [GB],,,
6/17/2020 20:52:50,,Woodbury High School Virtual Mapathon,Virtually,https://www.openstreetmap.org/,https://docs.google.com/forms/d/e/1FAIpQLScrXTlbhmIEvjZ8FyiGo3goRxN2v3mapl8orqD6x7g2KpvCZA/viewform?usp=sf_link,2020-06-28,3:00 PM CT,5:00 PM CT,United States of America [US],,,
6/19/2020 0:30:47,,Unicity Mapathon,Seoul,https://www.openstreetmap.org/,https://www.openstreetmap.org/,2020-06-25,01:00 pm (GMT+9),03:00 pm (GMT+9),"Korea, the Republic of [KR]",,,
6/19/2020 0:32:05,,Missing Maps Seoul,Seoul,https://www.openstreetmap.org,https://bit.ly/2yW77oh,2020-07-02,20:00 (GMT+9),22:00 (GMT+9),"Korea, the Republic of [KR]",,,
6/22/2020 13:04:44,,Mapatón Online MSF Spain,Online,https://www.openstreetmap.org,https://www.eventbrite.es/e/entradas-mapaton-online-medicos-sin-fronteras-109947096726,29/06/2020,"17,30","20,00",Spain [ES],,,
6/23/2020 6:44:24,,Mapping Human Rights,"HeiConf,  https://heiconf.uni-heidelberg.de/loh-py6-jxt",https://www.openstreetmap.org/way/199996322,https://www.facebook.com/events/296707448368669/,2020-06-30,18:00,21:00,Germany [DE],,,
6/26/2020 5:16:52,,Missing Maps Mapathon von Ärzte ohne Grenzen,Online,https://www.openstreetmap.org/#map=19/52.51186/13.41547,https://www.aerzte-ohne-grenzen.de/event/missing-maps-mapathon-6,2020-07-02,6.30 pm,8.30 pm,Germany [DE],,,
6/28/2020 4:04:31,,Uyo Mapathon,Uyo - on Zoom App Meeting because of COVID-19,https://maps.app.goo.gl/4YcNcJH4wKTCYSNXA,https://docs.google.com/forms/d/e/1FAIpQLSfZ9Y4W0oh97499MsAInB9qJ5ZPc7Rw0DD3SHBN3P4yXgKFWw/viewform,2020-06-04,4pm GMT+1,6pm GMT+1,Nigeria [NG],,,
6/29/2020 11:59:55,, Mapatón Cruz Roja Española. Pon en el mapa a las personas vulnerables,on line ,https://www.openstreetmap.org,https://www2.cruzroja.es/web/cruzroja/detalle-actividades/-/actividad/28126372?_activitiesDetail_startHour=17:00&_activitiesDetail_endHour=19:00&_activitiesDetail_startDate=07/07/2020&_activitiesDetail_professionId=410,2020/07/07,17,19,Burundi [BI],,,
7/3/2020 4:34:59,,Missing Maps Cambridge,Online,https://www.openstreetmap.org/relation/295355,https://www.eventbrite.co.uk/e/missing-maps-july-joint-online-mapathon-cambridge-tickets-75289028511,2020-07-07,19:00,22:00,United Kingdom of Great Britain and Northern Ireland [GB],,,
7/6/2020 15:25:25,,Missing Maps HPE Prep Class 2020,Houston,https://www.openstreetmap.org/way/41366388,https://docs.google.com/forms/d/e/1FAIpQLSeL7gZD1QypC_KrOBo5XO7RKSYEwylT3RflIPoM_ycqDWDmWw/viewform?usp=sf_link,2020-07-23,8:00 AM,12:00 PM,United States of America [US],,,
7/9/2020 13:57:44,,Virtual Volunteering Medtronic - Missing Maps,Worldwide,https://medtronic.yourcause.com/home#/newvolunteer/event/834159,https://medtronic.yourcause.com/home#/newvolunteer/event/834159,2020-07-29,10:30,12:30,United States of America [US],,,
7/16/2020 11:15:47,,Missing Maps Experian Health ,virtual,https://www.openstreetmap.org/,https://experiancommunity.benevity.org/user/login?destination=%2Fvolunteer%2F3201,2020-07-24,02:30 pm,04:00 pm,United States of America [US],,,
7/17/2020 6:38:45,,Missing Maps London,Online,https://www.openstreetmap.org/,https://www.eventbrite.co.uk/e/missing-maps-august-mapathon-tickets-113081257084,2020-08-04,19:00,22:00,United Kingdom of Great Britain and Northern Ireland [GB],,,
7/21/2020 8:14:56,,Missing Maps Berlin,Online, https://www.eventbrite.de/e/missing-maps-online-mapathon-tickets-113064821926, https://www.eventbrite.de/e/missing-maps-online-mapathon-tickets-113064821926,2020-07-22,1900,2200,Germany [DE],,,
7/21/2020 9:42:24,,Test Mapathon,Virtual Event,https://www.openstreetmap.org,http://www.facebook.com,2020-07-21,12:00,12:30,United States of America [US],,,
7/23/2020 7:57:56,,HPE Sofia Maps,"Sofia, Bulgaria - online event",https://tasks.hotosm.org/projects/4785,https://tasks.hotosm.org/projects/4785,2020-23-07,17 GMT,19:30 GMT,Bulgaria [BG],,,
7/24/2020 4:36:01,,Summer Mapathon,Bonn (online),https://www.openstreetmap.org/relation/3134141,https://www.facebook.com/events/3168894903178158/?action_history=%22[%7B%5C%22surface%5C%22%3A%5C%22messaging%5C%22%2C%5C%22mechanism%5C%22%3A%5C%22attachment%5C%22%2C%5C%22extra_data%5C%22%3A%7B%7D%7D]%22,2020-07-27,17:00,19:00,Germany [DE],,,
7/25/2020 19:24:25,,DUCOM Missing Maps,Online,https://www.openstreetmap.org/#map=16/40.0199/-75.1783&layers=H,https://drexelprivate.zoom.us/j/96162077630 ,2020-07-29,19:00,20:00,United States of America [US],,,
7/30/2020 2:45:17,,Missing Maps Berlin,Online,https://www.openstreetmap.org/, https://www.eventbrite.de/e/missing-maps-online-mapathon-einfuhrung-josm-tickets-114390565260,2020-08-05,19:00,22:00,Germany [DE],,,
8/1/2020 15:27:21,,Missing Maps Cambridge,Online,https://www.openstreetmap.org/way/58821394,https://www.eventbrite.co.uk/e/missing-maps-august-joint-online-mapathon-cambridge-tickets-75289126805,2020-08-04,19:00,22:00,United Kingdom of Great Britain and Northern Ireland [GB],,,
8/2/2020 22:21:55,,Desautels Mapathon 2020,From your couch,https://www.openstreetmap.org/,https://bit.ly/Mapathon2020,2020-08-14,9:00am EST,11:00am EST,Canada [CA],,,
8/6/2020 5:21:39,,Missing Maps Berlin,Online, https://openstreetmap.org,https://www.eventbrite.de/e/missing-maps-online-mapathon-tickets-115975308269,2020-08-19,19:00,22:00,Germany [DE],,,
8/7/2020 9:27:51,,Missing Maps London,Online,https://www.openstreetmap.org/,https://www.eventbrite.co.uk/e/missing-maps-september-mapathon-tickets-116208102563,2020-09-01,19:00,22:00,United Kingdom of Great Britain and Northern Ireland [GB],,,
8/10/2020 11:47:29,,Deloitte Impact Day - Boston,Boston,https://www.openstreetmap.org/,https://www.philanthropycloud.com/view/1755069/Deloitte-or-New-England-American-Red-Cross-Mapathon,2020-08-21,2:00 PM,4:00 PM,United States of America [US],,,
8/10/2020 20:12:13,,University of Minnesota Alumni,"Milwaukee, WI",https://www.openstreetmap.org/,https://www.umnalumni.org/s/1867/18/interior-wide.aspx?sid=1867&gid=2&sitebuilder=1&pgid=991&cid=2881&ecid=2881&crid=0&calpgid=791&calcid=2880,2020-09-19,10:00 am,12:00 pm,United States of America [US],,,
8/13/2020 6:02:44,,Srpnový Missing Maps mapathon,online,https://www.openstreetmap.org/search?query=Prague#map=12/50.0880/14.4208&layers=H,https://www.eventbrite.co.uk/e/srpnovy-missing-maps-mapathon-tickets-116431400453,2020-08-25,18:00,20:00,Czechia [CZ],,,
8/19/2020 9:46:57,,HOT 10 YEAR ANNIVERSARY GLOBAL MAPATHON EVENT,Online,https://www.eventbrite.com/e/115753446675/,https://www.eventbrite.com/e/115753446675/,2020-08-20,multiple times,multiple times,This is an event for remote participation only [XX],,,
8/20/2020 9:19:22,,Mapathon Missing Maps CartONG,Lyon,https://www.openstreetmap.org/node/3837100089,https://www.eventbrite.ca/e/billets-en-presentiel-mapathon-missing-maps-a-lyon-letuba-117619421857,2020-09-01,18:30,21:30,France [FR],,,
8/23/2020 11:53:24,,Hereford mapping for the lads,My house,https://www.openstreetmap.org/#map=19/52.04846/-2.68469&layers=N,https://discord.gg/YmRRJPd,2020-08-28,10:30,9:30,United Kingdom of Great Britain and Northern Ireland [GB],,,
8/31/2020 15:21:43,,Map For Future Online,Rome,https://www.openstreetmap.org/relation/41485,https://www.romaltruista.it/detail_volunteer_opportunities/35906,2020-09-16,18.3,19.3,Italy [IT],,,
9/1/2020 5:43:51,,Mapathon Missing Maps CartONG,Lyon,https://www.openstreetmap.org/node/6802042209,https://www.eventbrite.ca/e/billets-en-presentiel-mapathon-missing-maps-a-chambery-o79-117628314455,2020-09-09,18:30,21:30,France [FR],,,
9/1/2020 18:09:22,,University of Miami Beta Alpha Psi Mapathon,Virtually (on Zoom),https://www.openstreetmap.org/,https://docs.google.com/forms/d/e/1FAIpQLSdH4rjQaZGjxHBDkCpvrh2D9ILz1bnFRZplog9l-iVyUbNeYQ/viewform?vc=0&c=0&w=1&flr=0,2020-09-13,7 PM,9 PM,United States of America [US],,,
9/4/2020 12:01:51,,Missing Maps London,Online,https://www.openstreetmap.org/,https://www.eventbrite.co.uk/e/missing-maps-october-mapathon-tickets-119219997221,2020-10-06,19:00,21:15,United Kingdom of Great Britain and Northern Ireland [GB],,,
9/6/2020 10:35:39,,Missing Maps mapathon Bratislava #9,Institute of Geography of Slovak Academy of Sciences,https://www.openstreetmap.org/?mlat=48.15492&mlon=17.10585#map=19/48.15492/17.10585,https://www.eventbrite.co.uk/e/missing-maps-mapathon-bratislava-9-tickets-119783701275?aff=missingmapsorg,2020-09-24,17:00,20:00,Slovakia [SK],,,
9/10/2020 8:33:51,,USAA F&RB,Virtual,https://www.openstreetmap.org,https://www.openstreetmap.org,2020/09/10,12,11,United States of America [US],,,
9/14/2020 4:30:00,,Missing Maps Berlin,Online,https://www.openstreetmap.org/,https://www.eventbrite.de/e/missing-maps-online-mapathon-tickets-120352663055,2020-09-23,1900,2200,Germany [DE],,,
9/14/2020 4:31:04,,Fachtagung Katastrophenvorsorge Missing Maps Mapathon,Online,https://www.openstreetmap.org/,https://www.eventbrite.de/e/fachtagung-katastrophenvorsorge-missing-maps-online-mapathon-tickets-117641381539,2020-10-19,1800,2000,Germany [DE],,,
9/14/2020 4:32:03,,Humanitarian Congress Berlin - Missing Maps Mapathon,Online,https://www.openstreetmap.org/,https://www.eventbrite.de/e/humanitarian-congress-berlin-missing-maps-mapathon-tickets-117638527001,2020-10-29,19:30,21:30,Germany [DE],,,
9/14/2020 6:29:21,,Missing Maps Cambridge,Online,https://www.openstreetmap.org/way/58821394,https://www.eventbrite.com/e/missing-maps-october-joint-online-mapathon-cambridge-tickets-120970737733,2020-10-06,19:00,21:15,United Kingdom of Great Britain and Northern Ireland [GB],,,
9/15/2020 7:23:58,,Missing Maps Zürich September Mapathon,Zürich,https://www.openstreetmap.org/way/39425222,https://www.meetup.com/de-DE/Missing-Maps-Zurich/,2020-09-30,19:00,21:00,Switzerland [CH],,,
9/18/2020 14:13:20,,Doctors Without Borders USA September Mapathon,Virtual,https://www.openstreetmap.org/#map=5/38.007/-95.844,https://doctorswithoutborders.zoom.us/webinar/register/WN_6s0J4L3uSx2mBK8qZHUChw,2020-09-24,18:00 EDT,20:00 EDT,United States of America [US],,,
9/22/2020 12:30:48,,FedEx Cares - North Lakes District,Virtual,https://tasks.hotosm.org/,https://tasks.hotosm.org/,2020-10-08,1:00pm,4:00pm,United States of America [US],,,
9/23/2020 4:50:42,,Zářijový mapathon v Praze,Prague,https://www.openstreetmap.org/node/296648331, https://www.eventbrite.co.uk/e/zarijovy-mapathon-v-praze-tickets-121159071043,2020-09-29,18:30,20:30,Czechia [CZ],,,
9/23/2020 17:50:43,,Map For Future Rome,Online,https://www.openstreetmap.org/,https://www.romaltruista.it/detail_volunteer_opportunities/36030,2020-10-07,18:00,19:00,Italy [IT],No,,
9/28/2020 12:44:00,,MA GIS Day 2020,"Amherst, MA",https://www.openstreetmap.org/note/1367448#map=14/42.3904/-72.5144,https://www.gisday.com/en-us/overview#global-events,2020-11-18,9am,8pm,United States of America [US],Yes,,
9/29/2020 8:21:24,,Missing Maps Chambéry,"LA DYNAMO 24 Avenue Daniel Rops, 73000 Chambéry",https://www.openstreetmap.org/way/110779064,https://www.eventbrite.ca/e/billets-en-presentiel-mapathon-missing-maps-a-chambery-ladynamo-122960806081?ref=enivtefor001&invite=MTk5NzM5NTMva19ncmVlbkBjYXJ0b25nLm9yZy8w%0A&utm_source=eb_email&utm_medium=email&utm_campaign=inviteformalv2&utm_term=eventpage,2020-10-06,18:30,21:30,France [FR],No,,
9/30/2020 7:51:37,,Centeral Pennsylvania GIS Day - Humanitarian Maping,Virtually in the Central Pennsylvania area,https://www.openstreetmap.org/search?query=harrisburg%20university#map=19/40.26187/-76.88041,https://storymaps.arcgis.com/stories/f0c19a8b7f3f4c3e87a78950cf7c0c0c,11/18/20,3pm,5pm,United States of America [US],Yes,,
9/30/2020 11:51:59,,OpenStreetMap US Mappy Hour,Virtually,https://osmus.civicrm.org/civicrm/event/info?id=12&reset=1,https://osmus.civicrm.org/civicrm/event/info?id=12&reset=1,2020-11-18,8:30pm ET,9:30pm ET,United States of America [US],Yes,,
9/30/2020 15:23:38,,Smith Debnam/Red Cross 2020 Mapathon,"Raleigh, NC",https://www.openstreetmap.org/way/47714602#map=19/35.84332/-78.64409,https://www.eventbrite.com/e/sdarc-2020-missingmapsorg-mapathon-tickets-123386124219,2020-10-16,4:00 pm,5:30 pm,United States of America [US],No,,
10/1/2020 8:13:52,,Ulm Neu-Ulm/COVID-19-Mapathon,Ulm,http://www.openstreetmap.org/?mlat=48.39651&mlon=9.99042&zoom=18&layers=M,https://wiki.openstreetmap.org/wiki/Ulm_Neu-Ulm/COVID-19-Mapathon,2020-10-01,19:00,21:00,Germany [DE],No,,
10/4/2020 12:30:00,,Portland Mapathon,Remote,https://www.eventbrite.com/e/missing-maps-mapathon-tickets-122174652675,https://www.eventbrite.com/e/missing-maps-mapathon-tickets-122174652675,2020-10-09,3:30,5:00,United States of America [US],No,,
10/5/2020 18:24:04,,Back to Uni Mapathon,Bonn (Virtually),https://www.openstreetmap.org/search?query=Bonn#map=12/50.7036/7.1166,https://www.facebook.com/events/2712018009086048/,2020-10-21,17:00,19:00,Germany [DE],No,,
10/6/2020 9:45:56,,ICL Hindu Society's Mapathon,Imperial College London + online on zoom,https://www.openstreetmap.org/way/110085231#map=17/51.49863/-0.17450,https://fb.me/e/1B3Wm9Vmb,2020-10-18,2pm,5pm,United Kingdom of Great Britain and Northern Ireland [GB],No,,
10/6/2020 14:07:26,,#GlobalLeaders Mapathon,Zoom,https://www.google.com/url?q=https://www.openstreetmap.org/&sa=D&ust=1601997277390000&usg=AFQjCNFJCgqXjrUFDxLTCXcSqqg_idavzw,https://nam10.safelinks.protection.outlook.com/?url=https%3A%2F%2Fokstate.forms-db.com%2Fview.php%3Fid%3D631365%26mf_page%3D1&data=02%7C01%7Cemma.whiddon%40redcross.org%7C0fe47964c4314e2d20f408d8697c29ae%7Cdd5b5d42c0d34ad2b5f160edb3af2771%7C0%7C1%7C637375329281488746&sdata=oo%2B370bbfaz8DZtTUsqbdpyrUdm7fnTd%2BKEO9xLWX6M%3D&reserved=0,2020-10-24,9 Am,10:30 am,United States of America [US],No,,
10/6/2020 15:34:00,,Missing Maps Zürich November Mapathon,Zürich,https://www.openstreetmap.org/way/39425222,https://www.meetup.com/de-DE/Missing-Maps-Zurich/,2020-11-28,19:00,21:00,Switzerland [CH],No,,
10/6/2020 15:41:49,,Missing Maps Zürich October Online-Mapathon,Zürich,https://www.openstreetmap.org/way/39425222,https://www.meetup.com/de-DE/Missing-Maps-Zurich/,2020-10-28,19:00,21:00,Switzerland [CH],No,,
10/8/2020 4:51:41,,Hewlett Packard Enterprise - BPI Mapathon,Virtual - Zoom,https://tasks.hotosm.org/projects/8722/,https://hpe.zoom.us,2020-10-16,10:00 am (IST),12:00 pm (IST),India [IN],No,,
10/8/2020 6:55:34,,Missing Maps mapathon Žilina #9,Slovak Red Cross – Žilina region,https://www.openstreetmap.org/?mlat=49.22170&mlon=18.74822#map=19/49.22170/18.74822,https://www.eventbrite.co.uk/e/missing-maps-mapathon-zilina-9-tickets-122865922281?aff=missingmapsorg,2020-10-22,17:00,20:00,Slovakia [SK],No,,
10/8/2020 8:18:40,,Missing Maps Grenoble October Mapathon,Grenoble,https://www.openstreetmap.org/node/6409086528,https://www.festival-transfo.fr/evenement/615/74-mapathon-missing-maps-pour-cartographier-ensemble-des-regions-du-monde.htm,2020-10-14,18:30,21:00,France [FR],No,,
10/8/2020 18:41:59,,Nelson Mapathon,Cawthron Institute Nelson,https://www.openstreetmap.org/node/5631326088,https://www.eventbrite.com/e/nelson-nz-mapathon-tickets-124634881285,2020-10-29,5.15pm,8.00 pm,New Zealand [NZ],No,,
10/12/2020 8:12:00,,Missing Maps London,London,https://www.openstreetmap.org/,https://www.eventbrite.co.uk/e/missing-maps-november-mapathon-tickets-124991656409,2020-11-03,19:00,21:15,United Kingdom of Great Britain and Northern Ireland [GB],No,,
10/13/2020 10:13:41,,RCSI FoMSF Missing Maps ,Dublin- Virtually ,https://www.openstreetmap.org/way/129750572#map=19/53.33916/-6.26270,https://docs.google.com/forms/d/199S2XpeRznoyccP8ut2WvAR3aeCOImi8OMlb7QGqauk/viewform?edit_requested=true,2020-10-21,7:00pm,9:00pm ,Ireland [IE],No,,
10/15/2020 15:39:40,,University of Miami Beta Alpha Psi Mapathon,Virtually,https://www.openstreetmap.org/,https://docs.google.com/forms/d/e/1FAIpQLSfq0FYW6lFgpCnW_QU91Fjd-C8UT5Ox5idpIgM8kVQ0c9CZDw/viewform?vc=0&c=0&w=1&flr=0,2020-10-25,7 PM,9 PM,United States of America [US],No,,
10/15/2020 15:43:41,,University of Miami Beta Alpha Psi Mapathon,Virtual,https://www.openstreetmap.org/,https://docs.google.com/forms/d/e/1FAIpQLSfq0FYW6lFgpCnW_QU91Fjd-C8UT5Ox5idpIgM8kVQ0c9CZDw/viewform?vc=0&c=0&w=1&flr=0,2020-10-25,7 PM,9 PM,United States of America [US],No,,
10/19/2020 15:56:42,,SHPE Purdue Mapathon ,West Lafayette,https://www.openstreetmap.org/,https://docs.google.com/forms/d/e/1FAIpQLScNPrgUv4cA-NCgqwXzZs-BgTw-ZEw-qsfDxKX03OPG_3EMvw/viewform?usp=sf_link,2020-11-14,2:00 PM,4:00 PM (tentative),United States of America [US],No,,
10/21/2020 16:35:09,,Mapathon for Humanitarian Relief,"Virtually, Rutgers University",https://libcal.rutgers.edu/calendar/nblworkshops/mapathon,https://libcal.rutgers.edu/calendar/nblworkshops/mapathon,2020-11-18,3:00 EST,5:00 EST,United States of America [US],Yes,,
10/23/2020 8:56:00,,Miami University Mapathon,Online,https://www.openstreetmap.org/,https://sites.google.com/miamioh.edu/miamigisday2020/home,2020-11-18,10am US EST,4pm US EST,United States of America [US],Yes,,
10/24/2020 12:41:14,,Virtual GIS Day,"Rochester, NY",https://geotech-virtual-gis-day-kctcs.hub.arcgis.com/,https://geotech-virtual-gis-day-kctcs.hub.arcgis.com/app/049afc5553484f67857af3dccccc396a,2020-11-18,12,2,United States of America [US],Yes,,
10/26/2020 23:36:54,,GEOVOLUNTEERUB2020,Ulaanbaatar city,https://meet.jit.si/GeoVolunteerUB2020,https://www.facebook.com/groups/236356314097647,2020-11-18,11am,15pm,Mongolia [MN],Yes,,
10/28/2020 11:40:55,,German MSF Geo Week Mapathon,online,https://www.openstreetmap.org/#map=18/52.51186/13.41547&layers=N,https://www.aerzte-ohne-grenzen.de/event/geo-week-missing-maps-mapathon,2020-11-16,6:30 p.m.,8:30 p.m.,Germany [DE],Yes,,
10/28/2020 15:38:34,,LA Mapathon,Virtually,https://sites.google.com/view/lamapathon/osm-projects ,https://sites.google.com/view/lamapathon,2020-10-28 - 2020-10-30,10:00 AM,5:00 PM,United States of America [US],No,,
10/29/2020 7:27:53,,UCS Geography Enrichment Week Missing Maps Mapathon,"University College School, London",https://www.openstreetmap.org/#map=18/51.55305/-0.18132,https://classroom.google.com/c/MjAwNTA0Nzg4MTEw?cjc=bhnxjud,2020-11-09 - 2020-11-13,09:00,16:00,United Kingdom of Great Britain and Northern Ireland [GB],No,,
10/29/2020 13:17:01,,Geography Awareness Week,"Asia, Pacific, Latin America, Canada",https://www.openstreetmap.org/,https://fb.me/e/1NBreSiPv,2020-11-21 until 2020-11-22 based on time zones,8am,6pm,Philippines [PH],Yes,,
10/29/2020 14:03:16,,Career Panel for OSMGeoWeek 2020 (English),Virtual ,https://www.openstreetmap.org/,https://www.eventbrite.com/e/career-panel-for-osmgeoweek-2020-english-tickets-127366319089,2020-11-18,1pm,4pm,United States of America [US],Yes,,
10/29/2020 14:40:02,,How maps can help protect girls from Female Genital Mutilation,online, https://www.openstreetmap.org/,https://www.eventbrite.co.uk/e/how-mapping-can-help-protect-girls-from-female-genital-mutilation-tickets-127370132495,2020-11-16,17,18,United Kingdom of Great Britain and Northern Ireland [GB],Yes,,
10/29/2020 16:07:24,,Missing Maps mapathon Žilina #10,online,https://www.openstreetmap.org/,https://www.eventbrite.co.uk/e/missing-maps-mapathon-zilina-10-tickets-127367261909?aff=missingmapsorg,2020-11-05,17:00,20:00,Slovakia [SK],No,,
10/30/2020 3:55:37,,E+D BLR Microsoft ,Bengaluru,https://www.openstreetmap.org/,https://www.openstreetmap.org/,2020-10-30,2:00PM IST,3:00PM IST,India [IN],No,,
10/30/2020 10:39:12,,Nigeria SE4ALL Remote Mapathon,Virtually,https://www.openstreetmap.org/relation/192787#map=6/9.015/8.679,https://www.eventbrite.co.uk/e/nigeria-se4all-remote-mapathon-tickets-127445132823,2020-11-18,3pm ,7pm,Nigeria [NG],Yes,,
11/2/2020 11:31:17,,YouthMappers Virtual Validation Party,Virtually,https://www.openstreetmap.org/,https://bit.ly/YMValidation2020,2020-11-17,6:00pm ET,8:00pm ET,United States of America [US],Yes,,
11/2/2020 12:19:32,,Geography Awareness Week/GIS Happy Hour (DC),"Based in DC, Open to all geo folks.",https://zoom.us,https://www.eventbrite.com/e/geography-awareness-week-gis-happy-hour-tickets-127102181045,2020-11-19,7PM Eastern,8:30 PM Eastern,United States of America [US],Yes,,
11/2/2020 14:13:49,,GeoWeek,Africa,https://www.openstreetmap.org/,https://www.eventbrite.com/e/127749860271/,2020-11-19,11 AM CET,12 AM CET,Netherlands [NL],Yes,,
11/2/2020 20:37:31,,MSF Virtual Mapathon: Geo Week 2020 (EN),Zoom,https://www.eventbrite.com/e/msf-virtual-mapathon-geo-week-2020-en-tickets-127794884941?aff=global,https://www.eventbrite.com/e/msf-virtual-mapathon-geo-week-2020-en-tickets-127794884941?aff=global,2020-11-19,6:00pm,8:00pm,United States of America [US],Yes,,
11/3/2020 4:21:23,,Mapatón online Médicos Sin Fronteras,Evento Online,http://www.msf.es/mapaton,http://www.msf.es/mapaton,2020-11-18,17:30,20:00,Spain [ES],Yes,,
11/3/2020 5:13:28,,UN Map Marathon (Day 1),Remote,https://www.openstreetmap.org/node/5934281058#map=19/40.64949/17.94682,https://www.eventbrite.com/e/un-map-marathon-tickets-127846268631,2020-11-16,9 am GMT,11 am GMT,Italy [IT],Yes,,
11/3/2020 5:15:04,,UN Map Marathon (Day 2),Remote,https://www.openstreetmap.org/node/5934281058#map=19/40.64949/17.94682,https://www.eventbrite.com/e/un-map-marathon-tickets-127846268631,2020-11-17,11 am GMT,1 pm GMT,Italy [IT],Yes,,
11/3/2020 5:16:59,,UN Map Marathon (Day 3),Remote,https://www.openstreetmap.org/node/5934281058#map=19/40.64949/17.94682,https://www.eventbrite.com/e/un-map-marathon-tickets-127846268631,2020-11-18,1 pm GMT,3 pm GMT,Italy [IT],Yes,,
11/3/2020 5:18:04,,UN Map Marathon (Day 4),Remote,https://www.openstreetmap.org/node/5934281058#map=19/40.64949/17.94682,https://www.eventbrite.com/e/un-map-marathon-tickets-127846268631,2020-11-19,3 pm GMT,5 pm GMT,Italy [IT],Yes,,
11/3/2020 5:19:01,,UN Map Marathon (Day 5),Remote,https://www.openstreetmap.org/node/5934281058#map=19/40.64949/17.94682,https://www.eventbrite.com/e/un-map-marathon-tickets-127846268631,2020-11-20,5 pm GMT,7 pm GMT,Italy [IT],Yes,,
11/3/2020 6:52:32,,Mapathon Sans Frontières 2020 (GeoWeek2020),Online,https://msf.lu/fr/actualites/agenda/mapathons,https://www.eventbrite.com/e/inscription-mapathon-sans-frontieres-2020-geoweek2020-127175207469,2020-11-17,6PM,8PM,Luxembourg [LU],Yes,,
11/3/2020 10:37:53,,BTAA GIS Day Open Humanitarian Street Mapping Mapathon,Via Zoom,https://sites.google.com/umn.edu/btaa-gdp/btaa-gis-conference-2020,https://docs.google.com/forms/d/e/1FAIpQLSfNSqfVXihmENWDiDQhMFa7r1NCfhKk3JNkJdCLPfrA4wy4QA/viewform,11/13/2020,3:45 EST,5:30 EST,United States of America [US],No,,
11/3/2020 12:14:16,,"#MAPATÓN VIRTUAL, PON EN EL MAPA A LAS PERSONAS VULNERABLES",Virtual,https://www.openstreetmap.org/relation/1311341,https://www2.cruzroja.es/web/cruzroja/detalle-actividades/-/actividad/29140263?_activitiesDetail_startHour=17:00&_activitiesDetail_endHour=19:00&_activitiesDetail_startDate=19/11/2020&_activitiesDetail_professionId=430,2020-11-19,17:00 (CET),19:00 (CET),Spain [ES],Yes,,
11/3/2020 12:31:31,,UniBo Mapathon GeoWeek2020,Bologna,https://www.openstreetmap.org/#map=18/44.48772/11.32965,https://forms.gle/R421ZKMWAiSKAQYR9,2020-11-17,9:00,12:00,Italy [IT],Yes,,
11/4/2020 3:09:05,,Helping to end FGM in Tanzania Through Mapping - Mapathon,Online,https://www.openstreetmap.org/,https://www.eventbrite.com/e/helping-to-end-fgm-in-tanzania-through-mapping-tickets-127830216619,2020-11-19,4:00 pm,5:30 pm,"Tanzania, United Republic of [TZ]",Yes,,
11/4/2020 11:42:01,,Missing Maps London,Online,https://www.openstreetmap.org/,https://www.eventbrite.co.uk/e/missing-maps-december-mapathon-tickets-128022742469,2020-12-01,19:00,21:30,United Kingdom of Great Britain and Northern Ireland [GB],No,,
11/4/2020 11:46:29,,Missing Maps November London mid-month mapathon,Online,https://www.openstreetmap.org/,https://www.eventbrite.co.uk/e/missing-maps-november-london-mid-month-mapathon-tickets-128023791607,2020-11-17,19:00,22:00,United Kingdom of Great Britain and Northern Ireland [GB],Yes,,
11/4/2020 13:09:30,,Red Cross Red Crescent Missing Maps Info Session - OSMGeoWeek (English),Virtual: Nairobi + Jakarta ,https://www.openstreetmap.org/,https://www.eventbrite.com/e/red-cross-red-crescent-missing-maps-info-session-osmgeoweek-english-tickets-127489541651,2020-11-17,Multi-Sessions,Multi-Sessions,Kenya [KE],Yes,,
11/4/2020 16:28:45,,Celebrate GIS Day and GeoAwareness Week: Humanitarian OpenStreetMap Mapathon,Remote,https://www.openstreetmap.org/,https://libcal.library.ubc.ca/event/3586301,2020-11-19,5:30pm,7:00pm,Canada [CA],Yes,,
11/5/2020 2:50:38,,Mapping Uganda's New Cities Mapathon,"plot 90 Kanjokya House, Kampala, Uganda",https://www.openstreetmap.org/node/5563939535,https://forms.gle/pgCWYwdakamFZkDc8,2020/11/20,2:00pm,5:00pm,Uganda [UG],Yes,,
11/5/2020 9:25:00,,Missing Maps Online Mapathon,Online,https://www.openstreetmap.org,https://www.eventbrite.de/e/missing-maps-online-mapathon-tickets-127200140043,2020-11-19,18:00,21:00,Germany [DE],Yes,,
11/5/2020 14:04:43,,Red Cross New England Youth Mapathon ,Virtual,https://www.openstreetmap.org/,https://docs.google.com/forms/d/e/1FAIpQLSdS4bApds7MkG6tPchIbYIPqloJd3EV_dzsBXuR0MbFZS3LDw/viewform,2020-11-15,5pm EST,6:30 EST,United States of America [US],Yes,,
11/5/2020 18:02:32,,FOSS4G SotM Oceania - Perth Hub,"Riff, Perth, Australia",https://www.openstreetmap.org/node/6829139688,https://2020.foss4g-oceania.org/hubs/perth/#osm_mapping_party,2020-11-21,10:30 AM,4:00 PM,Australia [AU],Yes,,
11/5/2020 18:57:38,,Alpha Kappa Psi - Nu Pi Mapathon,San Antionio,https://www.openstreetmap.org/search?query=trinity%20university#map=16/29.4617/-98.4831,https://forms.gle/DxNkqr161ExZ43pPA,2020-11-15,11:00 AM,1:00 PM,United States of America [US],No,,
11/6/2020 8:17:09,,KSOK Mapathon,Online Zoom,https://www.google.com/url?q=https://www.openstreetmap.org/&sa=D&ust=1604672102831000&usg=AFQjCNGsVUjeKj60KOa4XkIYTCUBFOGbZQ,https://www.eventbrite.com/e/128042162555,2020-11-18,6 pm CT,7:30 CT,United States of America [US],No,,
11/6/2020 15:32:04,,LSU Missing Maps Part 1,Louisiana State University,https://geoforall-lsu.github.io/,https://geoforall-lsu.github.io/,2020-11-11,9:30 CST,11:30 CST,United States of America [US],No,,
11/6/2020 15:36:20,,LSU Missing Maps Part 2,Louisiana State University,https://geoforall-lsu.github.io/,https://geoforall-lsu.github.io/,2020-11-12,12:00 CST,13:00 CST,United States of America [US],No,,
11/6/2020 15:39:44,,LSU Missing Maps,Louisiana State University,https://geoforall-lsu.github.io/,https://geoforall-lsu.github.io/,2020-11-13,9:30 CST,11:30 CST,United States of America [US],No,,
11/6/2020 16:25:44,,CSWN Mapathon 2021,Purdue University,https://www.openstreetmap.org/,https://www.signupgenius.com/go/10C0D4AA8AB2AA5F4C52-cswn,2021-01-28,6 PM EDT,8 PM EDT,United States of America [US],No,,
11/8/2020 7:59:16,,Map for Resilience: Covid Mitigation Map-A-thon,"Dhaka, Bangladesh",https://osm.org/go/5AFwXTpOn?m=,https://www.eventbrite.co.uk/e/128394031003,2020-11-21,10:00 AM (+6 GMT),16:00 (+6 GMT),Bangladesh [BD],Yes,,
11/8/2020 8:29:35,,GIS WEEK 2020 MAPATHON,Online,https://www.openstreetmap.org/search?query=bonn#map=12/50.7035/7.1167,https://www.facebook.com/events/1789349967884927/,2020-10-20,17:00,19:00,Germany [DE],Yes,,
11/8/2020 19:54:02,,SCNO Missing Maps Service Event,"Columbus, OH",https://www.osu.edu/map/building.php?building=274,https://docs.google.com/forms/d/e/1FAIpQLSfvfLvnQKRvZmZx5zr4ZhIMqquFr_CE0AOODhUdwnWWpfeXxw/viewform?usp=sf_link,2020-11-16,7:30pm,8:30pm,United States of America [US],Yes,,
11/8/2020 20:22:48,,FOSS4G / FunGIS ,"JCU Ideas Lab, Cairns",https://www.openstreetmap.org/search?query=jcu%2C%20cairns#map=18/-16.81754/145.68709,https://www.fungis.org/events/foss4g2020/,2020-11-20,8:45,5,Australia [AU],Yes,,
11/8/2020 21:10:27,,FOSS4G SotM Oceania 2020 - Canberra Hub,"Geoscience Australia, Canberra",https://www.openstreetmap.org/relation/11063033,https://ti.to/foss4g-oceania/2020-canberra-hub,2020-11-20,9am ,2pm,Australia [AU],Yes,,
11/8/2020 23:33:41,,FOSS4g SotM Oceania - Hobart Hub,Mineral Resources Tasmania - Conference Room,https://www.openstreetmap.org/way/207539745,https://ti.to/foss4g-oceania/foss4g-sotm-oceania-2020-hobart-hub,2020-11-20,11am,4pm,Australia [AU],Yes,,
11/9/2020 2:53:08,,Indonesia OSM Geoweek 2020: VIRTUAL CONFERENCE,"Jakarta, Indonesia",https://www.openstreetmap.org/?mlat=-6.23670&mlon=106.85638#map=19/-6.23670/106.85639,https://s.id/osm-geoweek,2020-11-20,08.30 am UTC,10.30 am UTC,Indonesia [ID],Yes,,
11/9/2020 6:12:20,,GIS Day 2020 Mapathon with PoliMappers,Milan - Remotely (Zoom),https://www.openstreetmap.org,https://www.facebook.com/events/700380950598002,2020-11-18,17:15 (UTC+1),19:00 (UTC+1),Italy [IT],Yes,,
11/9/2020 6:57:23,,"Mapping as ""pre-disaster mapping"" of the island of Terceira - read more here: https://wiki.openstreetmap.org/wiki/EuYoutH_OSM","Terceira Island  & online in RO, IE, PT, ES, DE ",https://www.openstreetmap.org/search?query=Angra%20do%20Heroismo#map=11/38.7276/-27.1973,http://taches.francophonelibre.org/project/316,2020-11-15 until 2020-11-21,each day - online meetings different periods,each day - online meetings different periods,Portugal [PT],Yes,,
11/9/2020 7:13:07,,Missing Maps mapathon Bratislava #10,online,https://www.openstreetmap.org/,https://www.eventbrite.co.uk/e/missing-maps-mapathon-bratislava-10-tickets-128429834091?aff=missingmapsorg, 2020-11-19,17:00,20:00,Slovakia [SK],Yes,,
11/9/2020 9:31:12,,CartONG Missing Maps Mapathon - OSM GeoWeek [FRENCH],Online ,https://www.openstreetmap.org/node/5178292171,https://www.eventbrite.fr/e/billets-en-ligne-mapathons-missing-maps-128471629101?aff=ebdssbonlinesearch&keep_tld=1,2020-11-16,18:00 (GMT+1),20:00 (GMT+1),France [FR],Yes,,
11/9/2020 19:29:23,,Missing Maps Central Florida,Seminole High School Red Cross Zoom ,https://www.openstreetmap.org/,https://forms.gle/JXM2tGmB7U29cJ5G9,2020-11-13,4:30 pm,5:30 pm,United States of America [US],No,,
11/9/2020 21:26:34,,Nepal OSMGeoWeek Virtual Mapathon 2020,"Virtual, Nepal",https://www.openstreetmap.org/?mlat=27.72132&mlon=85.33532#map=19/27.72132/85.33532,https://forms.microsoft.com/Pages/ResponsePage.aspx?id=L7egsresXka9QU2aRzmF6PV2Hj6FBD5JuxAO9RbooZhUMUZKWEQxVzRMNzI1R0RGOVlaR1o2SVdBQy4u,2020-11-18,4 PM (Nepal Time),6 PM (Nepal Time),Nepal [NP],Yes,,
11/11/2020 0:40:51,,Asia-Pacific Geography Awareness Week,Online,https://www.openstreetmap.org,https://fb.me/e/3PTEXlUtm,2020-11-22,10am,3pm,Philippines [PH],Yes,,
11/11/2020 1:45:54,,Asia-Pacific Geography Awareness Week,Online,https://www.openstreetmap.org,https://fb.me/e/3PTEXlUtm,2020-11-22,10am,3pm,Philippines [PH],Yes,,
11/11/2020 5:34:21,,Listopadový Online Mapathon,online,https://www.openstreetmap.org/relation/435541,https://www.eventbrite.co.uk/e/listopadovy-online-mapathon-tickets-127339932165,2020-11-24,18:00,20:15,Czechia [CZ],No,,
11/11/2020 6:48:19,,Map For Future - Rome,Online,https://www.openstreetmap.org/,https://www.romaltruista.it/detail_volunteer_opportunities/36370,2020-11-11,6.30 pm,19.30 pm,Italy [IT],No,,
11/11/2020 6:51:53,,Map For Future - Rome,Online,https://www.openstreetmap.org/,https://www.romaltruista.it/detail_volunteer_opportunities/36371,2020-11-25,18.3,19.3,Italy [IT],No,,
11/11/2020 7:59:10,,"Geography of Puerto Rico ,  a tool to be used during the epidemic event for learning local geography by internet.",Will be shared by internet,https://www.facebook.com/Sociedad-Ge%C3%B3grafos-de-Puerto-Rico-891087777763456,https://www.facebook.com/Sociedad-Ge%C3%B3grafos-de-Puerto-Rico-891087777763456,2020-11-25,6 PM,8 PM,Puerto Rico [PR],Yes,,
11/11/2020 9:16:15,,Discussion Panel,Online,https://www.openstreetmap.org/,https://flossk.org/events/osm-geoweek-prishtina-2020/,2020-11-17,6 PM,8 PM,This is an event for remote participation only [XX],Yes,,
11/11/2020 9:26:02,,Kosovo Mapathon,Online,https://www.openstreetmap.org/,https://flossk.org/events/osm-geoweek-prishtina-2020/,2020-11-18,10 AM,12 PM,This is an event for remote participation only [XX],Yes,,
11/11/2020 15:41:09,,Geography Club at the University of Utah,"Salt Lake City, UT",https://www.openstreetmap.org/,https://docs.google.com/forms/d/e/1FAIpQLSfxfzj_sVep_e8tr9sGUn37vxTKoLBD3-bCprjq6k60WUJEUw/viewform?usp=sf_link,2020-11-16,22:30 UTC,23:59 UTC,United States of America [US],Yes,,
11/11/2020 22:08:49,,Mapbox Thanksgiving Mapathon,Virtual for Mapbox employees,https://www.openstreetmap.org/,https://www.openstreetmap.org/,2020-11-19,1pm PST,2pm PST,United States of America [US],Yes,,
11/12/2020 5:08:11,,Turkey WikiTuesday Online Mapathon,Online,https://www.openstreetmap.org/,https://docs.google.com/forms/d/e/1FAIpQLSe3gws2EpbjneX8iSaKexC7QvmwlxVGXczVjjNmYFfOVOrj_A/viewform,2020-11-17,17:00 UTC,19:00 UTC,Turkey [TR],Yes,,
11/12/2020 7:18:43,,Esri Ireland Missing Maps Webinar,Esri Ireland - Virtual,https://www.openstreetmap.org/#map=19/54.64220/-5.83387,https://attendee.gotowebinar.com/register/8766555052723267597,2020-11-17,1930,2030,Ireland [IE],Yes,,
11/12/2020 20:00:00,,"Formation et Mapathon sur l'Analyse du risque d'inondation à Gao, Mali",Bamako,https://www.openstreetmap.org/#map=12/12.6055/-7.9637,https://www.eventbrite.co.uk/myevent?eid=128948467337,"2020/11/18/, 2020/11/19",08h00,20h00,Mali [ML],Yes,,
11/13/2020 4:17:26,,Prešov Missing Maps Online Mapathon for OSM Geo Week 2020,Prešov,https://osm.org/go/0LtG0uFDU-?layers=N,https://www.eventbrite.com/e/presov-missing-maps-online-mapathon-for-osm-geo-week-2020-tickets-128979937465,2020-11-19,01:15 PM,02:55 PM,Slovakia [SK],Yes,,
11/13/2020 5:22:51,,"MAPATHON- Mapping Disaster Prone Areas in Lamki Chuha Municipality, Kailali District ",Kathmandu (We are organizing a virtual mapping event).,https://www.openstreetmap.org/way/203446483,https://docs.google.com/forms/d/e/1FAIpQLSdekuJulwQ2edFq6xJGs--Y_eJmZbuaynnZXYMnhA0xynmr_w/viewform,2020-11-19,10:00 am,"21st November, 10:00 pm",Nepal [NP],Yes,,
11/13/2020 9:31:13,,OSM GeoWeek 2020 Workshop with SUST YouthMappers,Online,https://fb.me/e/40Ay7fM0H,https://forms.gle/ojhJBj1CudyRMHN19,2020-11-18,6 pm (UTC+6),8 pm (UTC+6),Bangladesh [BD],Yes,,
11/13/2020 11:38:10,,TX GIS DAY TEST,Texas Virtual,https://www.openstreetmap.org/,https://gisday.tamu.edu/Sessions/#/,2020-11-13,2:45,4:00,United States of America [US],No,,
11/13/2020 11:44:58,,TX GIS DAY TEST,Virtual Zoom,https://www.openstreetmap.org/,https://gisday.tamu.edu/Sessions/#/,2020-11-13,2:45PM,4:00pm,United States of America [US],No,,
11/13/2020 17:03:55,,Panel sur les Carrières pendant la Semaine de Sensibilisation à la Géograph (Francophone Career Panel),virtual Africa,https://www.eventbrite.com/e/inscription-panel-sur-les-carrieres-pendant-la-semaine-de-sensibilisation-a-la-geograph-128931606907,https://www.eventbrite.com/e/inscription-panel-sur-les-carrieres-pendant-la-semaine-de-sensibilisation-a-la-geograph-128931606907,2020-11-18,17:00 UTC,18:00 UTC,South Africa [ZA],Yes,,
11/14/2020 9:54:51,,WikiMarathon w. Wikimedia User Group Turkey - WikiProject: Women In Red,Onkine,https://www.openstreetmap.org/,https://www.eventbrite.com/e/yer-cizenler-cevrimici-bulusmalar-5-krmzl-kadnlar-vikimaratonu-tickets-129024536863,2020-11-19,17:00 UTC,20:00 UTC,Turkey [TR],Yes,,
11/15/2020 7:40:11,,TxGIS Day 2020 VGI Mapathon,Texas - virtual,https://www.openstreetmap.org/search?query=texas#map=5/31.335/-100.063,https://txgisday.org/sessions/#/details/0694e0bc-0dbe-45e9-81c6-ce2424b2f55c,11/16/2020,9:00am,4:00pm,United States of America [US],Yes,,
11/15/2020 17:46:48,,Missing Maps Meraki,"Virtually from Sydney, Australia",https://www.openstreetmap.org/way/335696789#map=19/-33.86768/151.20387,https://drive.google.com/file/d/1RsOxQZ2gp7nBIzDm8CXRh1Q-E_GpNd0p/view,2020-11-27,3pm AEDT,4pm AEDT,Australia [AU],No,,
11/16/2020 0:25:08,,MapTime Christchurch,"Christchurch, Aotearoa New Zealand",https://www.openstreetmap.org/search?whereami=1&query=-43.53435%2C172.64053#map=19/-43.53435/172.64053,https://www.eventbrite.com/e/openstreetmap-mapathon-foss4g-maptimechristchurch-tickets-128666700565?utm-medium=discovery&utm-campaign=social&utm-content=attendeeshare&utm-source=strongmail&utm-term=listing,2020-11-20,6 pm NZ time,8 pm NZ time,New Zealand [NZ],Yes,,
11/16/2020 9:10:34,,Jacobs World GIS Day Mapathon,remote event,https://www.openstreetmap.org/,https://www.jacobs.com,18/11/2020,1700,1900,United Kingdom of Great Britain and Northern Ireland [GB],No,,
11/16/2020 9:17:01,,Cartographier les zones de vulnérabilités liées aux réservoirs des barrages hydroélectrique de Kaléta et de Souapeti,Conakry,https://www.openstreetmap.org/way/338675517#map=19/9.55217/-13.65864,https://freelocalmappers.wordpress.com/contact/,2020-11-19,12:00 PM,5:00 PM,Guinea [GN],Yes,,
11/16/2020 21:07:44,,Missing Maps Libya Mapathon ,Tripoli ,https://www.openstreetmap.org/#map=16/32.8934/13.1790,https://us02web.zoom.us/meeting/register/tZ0tc-ivrjouHNcjNqtXjxHqEK80s9cecyf4 ,2020-11-20,"Nov 20, 2020 17:00 Tripoli ","Nov 20, 2020 20:00 Tripoli ",Libya [LY],Yes,,
11/16/2020 21:12:01,,GIS Day Libya ,Misurata,https://www.openstreetmap.org/#map=19/32.37472/15.09166,https://us02web.zoom.us/j/5877532687?pwd=eE1MQWs5SXFYRDRLUWVyRkMzR3B1dz09,2020-11-18,"Nov 18, 2020 10:30 AM Tripoli","Nov 18, 2020 13:30 AM Tripoli",Libya [LY],Yes,,
11/16/2020 21:32:22,,GIS Day Benghazi ,Benghazi Libya ,https://www.openstreetmap.org/#map=17/32.11878/20.06499,https://us02web.zoom.us/j/84227376143?pwd=WVhpSjNFeEtmSFdBTkJjbnJ5UVRUdz09,2020-11-18," Nov 18, 2020 14:00 Tripoli"," Nov 18, 2020 18:00 Tripoli",Libya [LY],Yes,,
11/17/2020 7:37:46,,Mapping for COVID-19 Response and Resilience - Webinar,Global,https://www.openstreetmap.org/#map=2/34.0/-8.4,https://www.eventbrite.com/e/mapping-for-covid-19-response-and-resilience-webinar-tickets-126574243971,2020-11-20,12:00 UTC,14:00 UTC,United Kingdom of Great Britain and Northern Ireland [GB],Yes,,
11/17/2020 9:45:03,,Kathmandu Living Labs (KLL): Upgrading Geospatial Data in Mongolia,Virtual,https://osm.org/go/zrWdq0aZO?m=&way=203695045,https://forms.gle/6Z96gepPgoekVjev7,2020-11-20,10:00,17:00,Nepal [NP],Yes,,
11/17/2020 10:39:05,,1º Encontro do YouthMappers Brasil - “Comunidades que mapeiam”,Curitiba - Paraná - Brazil,https://www.openstreetmap.org/relation/297514,http://www.cbcg.ufpr.br/home/,2020-11-24,22:30 UTC,24:00 UTC,Brazil [BR],Yes,,
11/17/2020 13:56:20,,GIS Day Tripoli Libya ,Tripoli ,https://www.openstreetmap.org/#map=19/32.88043/13.19423,https://us02web.zoom.us/j/84227376143?pwd=WVhpSjNFeEtmSFdBTkJjbnJ5UVRUdz09,2020-11-18,"Nov 18, 2020 19:00 Tripoli","Nov 18, 2020 21:00 Tripoli",Libya [LY],Yes,,
11/17/2020 15:39:39,,RwandaYouthMappers & OSM Rwanda Mapathon,Kigali Rwanda,https://tasks.hotosm.org/projects/2092,https://forms.gle/QWF5APxAT6WBcvp96,2020-11-19,3:00 PM (GMT),4:00 PM (GMT),Rwanda [RW],Yes,,
11/17/2020 17:44:10,,GIS Day Sabha ,Sabha Libya ,https://www.openstreetmap.org/#map=19/27.03514/14.43479,https://us02web.zoom.us/j/84227376143?pwd=WVhpSjNFeEtmSFdBTkJjbnJ5UVRUdz09,2020-11-18,14:00,16:00,Libya [LY],Yes,,
11/18/2020 15:07:39,,YouthMappers Orientation & Workshop on OpenStreetMap,Online ,https://meet.google.com/xtp-dbgw-czo,https://forms.gle/PMCM4Q9dJ49TqnhHA,2020-20-11,8.00pm,9.30pm,Bangladesh [BD],Yes,,
11/23/2020 6:04:07,,Missing Maps Online Mapathon - Einführung JOSM,Online,https://www.openstreetmap.org/,https://www.eventbrite.de/e/missing-maps-online-mapathon-einfuhrung-josm-tickets-127124670311,2020-12-02,19:00,22:00,Germany [DE],No,,
11/23/2020 6:05:19,,Missing Maps Online Weihnachts-Mapathon,Online,https://www.openstreetmap.org/,https://www.eventbrite.de/e/missing-maps-online-weihnachts-mapathon-tickets-127140018217,2020-12-16,19:00,21:00,Germany [DE],No,,
11/24/2020 16:22:23,,Cisco Mappy Hour,Remotely,https://www.openstreetmap.org,https://www.openstreetmap.org,2020-12-07,4PM,5PM,Australia [AU],No,,
11/24/2020 17:12:17,,CDO Team Give Back Event,Virtual,Http://www.genentech.com,Http://www.genentech.com,2020-12-08,Noon PT,1 PT,United States of America [US],No,,
11/28/2020 16:03:18,,Missing Maps Slovakia online mapathon #1,online,https://www.openstreetmap.org/,https://www.eventbrite.co.uk/e/missing-maps-slovakia-online-mapathon-1-tickets-130612027089?aff=missingmapsorg,2020-12-10,17:00,20:00,Slovakia [SK],No,,
12/1/2020 14:56:12,,Map For Future Rome,Online,https://www.openstreetmap.org/,https://www.romaltruista.it/detail_volunteer_opportunities/36667,2020-12-02,18.3,19.3,Italy [IT],No,,
12/1/2020 14:57:36,,Map For Future Rome,Online,https://www.openstreetmap.org/,https://www.romaltruista.it/detail_volunteer_opportunities/36668,2020-12-16,18.3,19.3,Italy [IT],No,,
12/7/2020 8:35:31,,Missing Maps London,Online,https://www.openstreetmap.org/,https://www.eventbrite.co.uk/e/missing-maps-january-mapathon-tickets-131871377841,2021-01-05,19:00,21:15,United Kingdom of Great Britain and Northern Ireland [GB],No,,
12/7/2020 19:59:37,,Missing Maps California,San Jose,https://www.openstreetmap.org/relation/112143,https://cisco.webex.com/meet/ayganesa,2020-12-07,5 pm,5.30 pm,United States of America [US],No,,
12/7/2020 20:10:27,,Maps-7thDecember,San Jose,https://www.openstreetmap.org/relation/112143,https://cisco.brightfunds.org/volunteering/scheduled_events/3141,2020-12-07,5.15,5.45,United States of America [US],No,,
12/9/2020 4:19:05,,Spanish Red Cross Online Mapathon. Basic level.,On line,https://www.openstreetmap.org/,https://www2.cruzroja.es/web/cruzroja/detalle-actividades/-/actividad/29140294?_activitiesDetail_startHour=17:00&_activitiesDetail_endHour=19:00&_activitiesDetail_startDate=16/12/2020&_activitiesDetail_professionId=410 ,2020-12-16,5 PM (UTC+1),7 PM (UTC+1),Spain [ES],No,,
12/9/2020 4:21:47,,Spanish Red Cross Online Mapathon. Advanced level.,On line,https://www.openstreetmap.org/,https://www2.cruzroja.es/web/cruzroja/detalle-actividades/-/actividad/29299922?_activitiesDetail_startHour=17:00&_activitiesDetail_endHour=19:00&_activitiesDetail_startDate=16/12/2020&_activitiesDetail_professionId=410 ,2020-12-16,5 PM (UTC+1),7 PM (UTC+1),Spain [ES],No,,
12/16/2020 4:00:25,,Missing Maps Cambridge,Online,https://www.openstreetmap.org/relation/295355,https://www.eventbrite.co.uk/e/missing-maps-january-joint-online-mapathon-cambridge-tickets-133057573785,2021-01-05,19:00,21:15,United Kingdom of Great Britain and Northern Ireland [GB],No,,
12/17/2020 4:05:46,,Missing Maps Online Mapathon,Online,https://www.openstreetmap.org/,https://www.eventbrite.de/e/missing-maps-online-mapathon-tickets-133201999767,2020-01-19,19:00,22:00,Germany [DE],No,,
12/25/2020 13:13:14,,Missing Maps University of Georgia MSF,"Athens, GA",https://osm.org/go/ZSCaOSO?m=,https://forms.gle/72UiWYdvXEYUNKz86,2021-01-21,6:00 PM,8:00 PM,United States of America [US],No,,
uniqueID-1,,Mapathon Missing Maps CartONG,"o79, Chambéry, France",https://www.openstreetmap.org/node/6802042209,https://www.eventbrite.ca/e/billets-mapathon-missing-maps-a-chambery-o79-84719691879,2020-06-30,18:30,21:30,[fr],,45.5701921,5.9193921
uniqueID-2,,Mapathon Missing Maps CartOnG,"L'ESS'Pace, Paris, France",https://www.openstreetmap.org/node/7028455668,https://www.eventbrite.ca/e/billets-missing-maps-a-paris-lesspace-84720973713,2020-06-08,19:00,21:00,[fr],,48.8270088,2.3831178
uniqueID-3,,Mapathon Missing maps,"La Turbine.coop, Grenoble, France",https://www.openstreetmap.org/search?query=la%20turbine.coop#map=19/45.18764/5.70506,https://www.eventbrite.ca/e/billets-mapathon-missing-maps-a-grenoble-la-turbinecoop-85472758321,2020-06-03,18:30,21:30,[fr],,45.18764,5.70506
uniqueID-4,,ONLINE Missing Maps London,"Online, London, United Kingdom",https://www.eventbrite.co.uk/e/online-missing-maps-june-mapathon-tickets-105098093226,https://www.eventbrite.co.uk/e/online-missing-maps-june-mapathon-tickets-105098093226,2020-06-02,19:00,22:00,[gb],,,
uniqueID-5,,Online Mapatón Burundi Cruz Roja Española,"Online, Madrid, Spain",https://www2.cruzroja.es/web/cruzroja/detalle-actividades/-/actividad/27412680?_activitiesDetail_startHour=17:00&_activitiesDetail_endHour=19:00&_activitiesDetail_startDate=02/06/2020&_activitiesDetail_professionId=410,https://www2.cruzroja.es/web/cruzroja/detalle-actividades/-/actividad/27412680?_activitiesDetail_startHour=17:00&_activitiesDetail_endHour=19:00&_activitiesDetail_startDate=02/06/2020&_activitiesDetail_professionId=410,2020-06-02,17:00,19:00,[es],,,
uniqueID-6,,Missing Maps Cruz Roja Española mapea Burundi,"Online, Madrid, Spain",https://www.openstreetmap.org/way/225047589#map=18/40.44763/-3.70927,https://www2.cruzroja.es/web/cruzroja/detalle-actividades/-/actividad/27412680?_activitiesDetail_startHour=17:00&_activitiesDetail_endHour=19:00&_activitiesDetail_startDate=02/06/2020&_activitiesDetail_professionId=410,2020-06-02,17:00,19:00,[es],,,
uniqueID-7,,Woodbury High School Mapathon,"Will be held virtually on Micrsoft Teams, Woodbury, MN, United States",https://forms.gle/BVVuoxirJGQkGDDHA,https://forms.gle/BVVuoxirJGQkGDDHA,2020-05-31,15:00,17:00,[us],,,
uniqueID-8,,Květnový online mapathon,"online, Prague, Czech Republic",https://www.eventbrite.co.uk/e/kvetnovy-online-mapathon-tickets-105939078636,https://www.eventbrite.co.uk/e/kvetnovy-online-mapathon-tickets-105939078636,2020-05-26,18:00,20:00,[cz],,,
uniqueID-9,,Missing Maps Online Mapathon Berlin,"n/a, Online, Germany",https://www.eventbrite.com/e/missing-maps-online-mapathon-tickets-104957506728?utm_source=eventbrite&utm_medium=email&utm_campaign=post_publish&utm_content=EBLinkEvent&utm_term=shortLinkEventName,https://www.eventbrite.com/e/missing-maps-online-mapathon-tickets-104957506728?utm_source=eventbrite&utm_medium=email&utm_campaign=post_publish&utm_content=EBLinkEvent&utm_term=shortLinkEventName,2020-05-20,19:00,22:00,[de],,,
uniqueID-10,,Mapping In Quarantine,"Lamachaur,Pokhara, Pokhara, Nepal",https://www.openstreetmap.org/#map=17/28.25402/83.97773,https://forms.gle/Bq6bZ8Gz7ZjuRqzy9?fbclid=IwAR0XdSz-8W6Nn9m_tFwelZQxMx08o5F1OUFkp9Ka_eU42iUsq6OZ-rbCNFc,2020-05-15,11:00,14:00,[np],,,
uniqueID-11,,Mapatón online Médicos Sin Fronteras,"Mapatón online Médicos Sin Fronteras, Online, Spain",https://www.msf.es/mapaton,https://www.msf.es/mapaton,2020-05-14,17:30,20:00,[es],,,
uniqueID-12,,MSF-USA Virtual Mapathon,"Online, United States, United States",https://www.doctorswithoutborders.org/take-action/attend-event/msf-usa-virtual-mapathon,https://www.doctorswithoutborders.org/take-action/attend-event/msf-usa-virtual-mapathon,2020-05-14,18:00,20:00,[us],,,
uniqueID-13,,YaconViva COVID Peru Mapathon,"Virtual, London, United Kingdom",https://www.yaconviva.co.uk/blogs/news/yaconviva-covid-19-charity-mapathon,https://www.facebook.com/events/170112034310388/,2020-05-13,20:00,21:30,[gb],,,
uniqueID-14,,Mapaton ONLINE Burundi Cruz Roja,"Online, Spain, Spain",https://www2.cruzroja.es/web/cruzroja/detalle-actividades/-/actividad/27050159?_activitiesDetail_startHour=17:00&_activitiesDetail_endHour=19:00&_activitiesDetail_startDate=13/05/2020&_activitiesDetail_professionId=478,https://www2.cruzroja.es/web/cruzroja/detalle-actividades/-/actividad/27050159?_activitiesDetail_startHour=17:00&_activitiesDetail_endHour=19:00&_activitiesDetail_startDate=13/05/2020&_activitiesDetail_professionId=478,2020-05-13,17:00,19:00,[es],,,
uniqueID-15,,Portland Missing Maps - Remote Edition,"Online Only, Portland, OR, United States",https://www.eventbrite.com/e/missing-maps-mapathon-tickets-103641743244,https://www.eventbrite.com/e/missing-maps-mapathon-tickets-103641743244,2020-05-10,2:00,4:00,[us],,,
uniqueID-16,,Editathon virtual en pro de la cuarenta,"Virtual, Bogota, Colombia",https://www.meetup.com/Maptime-Colombia-OSM/events/270413127,https://www.meetup.com/Maptime-Colombia-OSM/events/270413127,2020-05-09,9:00,11:00,[co],,,
uniqueID-17,,Map With AI:Discover How Facebook Uses AI & OSM to Map the World !!,"Online, Online, Nigeria",https://web.facebook.com/events/875016966257748/,https://web.facebook.com/events/875016966257748/,2020-05-07,3:00,4:30,[ng],,,
uniqueID-18,,Missing Maps London,"Online, London, United Kingdom",https://www.eventbrite.co.uk/e/online-missing-maps-april-london-mid-month-mapping-partyworking-group-tickets-102336178264,https://www.eventbrite.co.uk/e/online-missing-maps-april-london-mid-month-mapping-partyworking-group-tickets-102336178264,2020-05-05,19:00,22:00,[gb],,,
uniqueID-19,,URBE Latam Mapping for Equitable Resilience in Morro do Preventório,"Online, Rio de Janeiro, Brazil",https://eu.bbcollab.com/guest/337f66b2155444a680316346aba9d13a,https://eu.bbcollab.com/guest/337f66b2155444a680316346aba9d13a,2020-05-04,11:00,13:00,[br],,,
uniqueID-20,,MAPATON ONLINE CRUZ ROJA,"ONLINE, Madrid, Spain",https://www2.cruzroja.es/web/cruzroja/detalle-actividades/-/actividad/26712015?_activitiesDetail_startHour=17:00&_activitiesDetail_endHour=19:00&_activitiesDetail_startDate=29/04/2020&_activitiesDetail_professionId=478,https://www2.cruzroja.es/web/cruzroja/detalle-actividades/-/actividad/26712015?_activitiesDetail_startHour=17:00&_activitiesDetail_endHour=19:00&_activitiesDetail_startDate=29/04/2020&_activitiesDetail_professionId=478,2020-04-29,17:00,19:00,[es],,,
uniqueID-21,,Dubnový mapathon,"Online , Prague, Czech Republic",https://osmcal.org/event/227/,https://www.eventbrite.co.uk/e/dubnovy-mapathon-tickets-102894036834,2020-04-28,18:00,20:00,[cz],,,
uniqueID-22,,Virtual Semester Start Mapathon “Humanitäre Hilfe und Klimawandel”,"remote on Zoom, remote, Germany",https://disastermappers.wordpress.com/2020/04/22/virtual-semester-start-mapathon-humanitare-hilfe-und-klimawandel/,https://disastermappers.wordpress.com/2020/04/22/virtual-semester-start-mapathon-humanitare-hilfe-und-klimawandel/,2020-04-28,18:00,21:00,[de],,,
uniqueID-23,,Missing Maps Seoul,"Online, Seoul, South Korea",https://www.openstreetmap.org/#map=11/37.5604/126.8756,https://open.kakao.com/o/gGymF65b,2020-04-24,20:00,22:00,[kr],,37.5604,126.8756
uniqueID-24,,MissingMaps Mapathon Glasgow,"Online, Glasgow, United Kingdom",https://www.openstreetmap.org/edit?way=45886021#map=19/55.86530/-4.25776,https://missingmaps-glasgow-mapathon.eventbrite.com,2020-04-23,18:00,20:30,[gb],,55.8653,-4.25776
uniqueID-25,,MAPATON ONLINE CRUZ ROJA,"Online , MADRID, Spain",https://www2.cruzroja.es/web/cruzroja/detalle-actividades/-/actividad/26539919?_activitiesDetail_startHour=17:00&_activitiesDetail_endHour=19:00&_activitiesDetail_startDate=23/04/2020&_activitiesDetail_professionId=478,https://www2.cruzroja.es/web/cruzroja/detalle-actividades/-/actividad/26539919?_activitiesDetail_startHour=17:00&_activitiesDetail_endHour=19:00&_activitiesDetail_startDate=23/04/2020&_activitiesDetail_professionId=478,2020-04-23,17:00,19:00,[es],,,
uniqueID-26,,Virtual Mapathon at the University of Delaware,"Online, Newark, Delaware, United States",https://www.openstreetmap.org/#map=16/39.6786/-75.7488,https://docs.google.com/forms/d/1LDoLida0Sa_2HfS-USz8kQ5ZcMRPqM8Mn7Ii_EzfUaY/edit,2020-04-22,12:00,11:59,[us],,39.6786,-75.7488
uniqueID-27,,MAPATON ONLINE CRUZ ROJA BURUNDI,"Online , MADRID, Spain",https://www2.cruzroja.es/web/cruzroja/detalle-actividades/-/actividad/26539896?_activitiesDetail_startHour=11:00&_activitiesDetail_endHour=13:00&_activitiesDetail_startDate=21/04/2020&_activitiesDetail_professionId=478,https://www2.cruzroja.es/web/cruzroja/detalle-actividades/-/actividad/26539896?_activitiesDetail_startHour=11:00&_activitiesDetail_endHour=13:00&_activitiesDetail_startDate=21/04/2020&_activitiesDetail_professionId=478,2020-04-21,11:00,13:00,[es],,,
uniqueID-28,,MAPATON ONLINE CRUZ ROJA ESPAÑOLA,"ONLINE, MADRID, Spain",https://www2.cruzroja.es/web/cruzroja/detalle-actividades/-/actividad/26324853?_activitiesDetail_startHour=17:00&_activitiesDetail_endHour=19:00&_activitiesDetail_startDate=17/04/2020&_activitiesDetail_professionId=478,https://www2.cruzroja.es/web/cruzroja/detalle-actividades/-/actividad/26324853?_activitiesDetail_startHour=17:00&_activitiesDetail_endHour=19:00&_activitiesDetail_startDate=17/04/2020&_activitiesDetail_professionId=478,2020-04-17,17:00,19:00,[es],,,
uniqueID-29,,Mapatón ONLINE Cruz Roja Española,"Online, MADRID, Spain",https://www2.cruzroja.es/web/cruzroja/detalle-actividades/-/actividad/26324847?_activitiesDetail_startHour=11:00&_activitiesDetail_endHour=13:00&_activitiesDetail_startDate=15/04/2020&_activitiesDetail_professionId=478,https://www2.cruzroja.es/web/cruzroja/detalle-actividades/-/actividad/26324847?_activitiesDetail_startHour=11:00&_activitiesDetail_endHour=13:00&_activitiesDetail_startDate=15/04/2020&_activitiesDetail_professionId=478,2020-04-15,11:00,13:00,[es],,,
uniqueID-30,,Online Missing Maps London,"London, United Kingdom",https://www.openstreetmap.org/way/110085229#map=15/51.4980/-0.1749,https://www.eventbrite.co.uk/e/missing-maps-april-mapathon-tickets-99003635539,2020-04-07,18:00,21:00,[gb],,51.498,-0.1749
uniqueID-31,,Missing Maps Cambridge (Online) Mapathon,"Online, Cambridge, United Kingdom",https://www.openstreetmap.org/relation/295355,https://www.eventbrite.co.uk/e/missing-maps-april-online-mapathon-cambridge-tickets-75288753689,2020-04-07,19:00,22:00,[gb],,52.1962,0.1308
uniqueID-32,,Mapaton Online Missing Maps Cruz Roja Española,"Online, Online, Spain",https://www.openstreetmap.org/search?query=espa%C3%B1a#map=5/36.149/-6.901,https://cutt.ly/AtTHxjM,2020-04-03,17:00,19:00,[es],,36.149,-6.901
uniqueID-33,,Online Březnový Missing Maps mapathon v Praze,"SAP services, Metronom Business Center, Bucharova 2817/11, 158 00 Praha 5, Czech Republic, Prague, Czech Republic",https://www.openstreetmap.org/search?whereami=1&query=50.05128%2C14.35045#map=18/50.05128/14.35051,https://www.eventbrite.co.uk/e/breznovy-missing-maps-mapathon-v-praze-v-kancelari-sap-tickets-96422657765,2020-03-31,18:00,21:00,[cz],,50.05128,14.35045
uniqueID-34,,Missing Maps Portland,"Coco Donuts, portland, or, United States",https://www.openstreetmap.org/node/6127555932#map=19/45.48769/-122.65024,https://www.eventbrite.com/e/missing-maps-mapathon-tickets-98127153959,2020-03-29,12:00,2:00,[us],,45.48769,-122.65024
uniqueID-35,,Online - Reading Missing Maps,"work.life, Reading UK, United Kingdom",https://www.openstreetmap.org/?mlat=51.45495&mlon=-0.96626#map=19/51.45495/-0.96626,https://www.eventbrite.com/e/missing-maps-reading-march-2020-mapathon-tickets-88495350977/,2020-03-24,18:30,21:00,[gb],,51.45495,-0.96626
uniqueID-36,,Bukavu_Mapathon_1.0,"La difference's office, Bukavu, Avenue Fizi, Congo, Democratic Republic of",https://www.openstreetmap.org/node/7279801885,https://www.eventbrite.com/e/bukavu-mapathon10-tickets-99021645407,2020-03-24,9:00,16:00,[cd],,-2.5017179,28.8690485
uniqueID-37,,Mapathon Missing Maps CartONG,"Le Tuba, Lyon, France",https://www.openstreetmap.org/node/3837100089,https://www.eventbrite.ca/e/billets-mapathon-missing-maps-a-lyon-letuba-84916554701,2020-03-17,18:30,21:30,[fr],,45.7637971,4.8538376
uniqueID-38,,Mapathon Missing Maps Grenoble,"La Turbine.coop, Grenoble, France",https://www.openstreetmap.org/search?query=la%20turbine.coop#map=19/45.18764/5.70506,https://www.eventbrite.ca/e/billets-mapathon-missing-maps-a-grenoble-la-turbinecoop-86311886175,2020-03-14,18:30,21:30,[fr],,45.18764,5.70506
uniqueID-39,,Mapató Creu Roja: Burundi. Ets fonamental en aquesta missió!,"Seu de la Creu Roja. Carrer Joan d'Àustria 120, Barcelona, Madrid, Spain",https://www.openstreetmap.org/way/269445240,https://forms.office.com/Pages/ResponsePage.aspx?id=-QiRdbPNBEu5dj6bPZrQvshrXTcCfwxJlc1ZfrxP0KZUNEVNSjk0WkxFWk1STVRMVThLOFhKRFlGNC4u,2020-03-13,11:00,14:00,[es],,41.3961,2.18796
uniqueID-40,,Mapatón Cruz Roja: Burundi. ¡Eres fundamental en esta misión!,"Sede de Cruz Roja c/ Joan d'Àustria 120, Barcelona, MADRID, Spain",https://www.openstreetmap.org/way/269445240#map=19/41.39612/2.18795,https://forms.office.com/Pages/ResponsePage.aspx?id=-QiRdbPNBEu5dj6bPZrQvpp-VGQMtZ5IouvgnH7HZHxUOUk5NFpVVzNKM1U1V01XS05QSDVLWlZCVS4u,2020-03-13,17:00,20:00,[es],,41.39612,2.18795
uniqueID-41,,First Missing Maps Mapathon at PSK,"Úrad Prešovského samosprávneho kraja , Prešov, Slovakia",https://www.openstreetmap.org/node/3439823801,https://www.eventbrite.com/e/first-missing-maps-mapathon-at-psk-tickets-98234876159?utm-medium=discovery&utm-campaign=social&utm-content=attendeeshare&aff=escb&utm-source=cp&utm-term=listing,2020-03-12,13:00,16:00,[sk],,49.00187,21.24179
uniqueID-42,,Mapathon Missing Maps CartONG,"o79, Chambéry, France",https://www.openstreetmap.org/node/6802042209,https://www.eventbrite.ca/e/billets-mapathon-missing-maps-a-chambery-o79-84716283685,2020-03-11,18:30,21:30,[fr],,45.5701921,5.9193921
uniqueID-43,,Bukavu_Mapathon,"ISDR-Bukavu, Bukavu(South-Kivu), Congo, Democratic Republic of",https://www.openstreetmap.org/#map=19/-2.50111/28.84988,https://www.eventbrite.com/e/bukavu-mapathon-tickets-98401247781,2020-03-11,13:00,16:30,[cd],,-2.50111,28.84988
uniqueID-44,,HOT Community Webinar: Women Leading in OSM,"Zoom, Worldwide, United States",https://zoom.us/webinar/register/WN_r4o0mVp7QRuilAwdfN4SQQ,https://zoom.us/webinar/register/WN_r4o0mVp7QRuilAwdfN4SQQ,2020-03-10,1:00,2:00,[us],,,
uniqueID-45,,Mapathon 2.0,"50 George Square, Room 1.02, Edinburgh, United Kingdom",https://www.openstreetmap.org/way/5325199,https://www.facebook.com/events/655027438567896/,2020-03-04,18:00,21:00,[gb],,55.94374,-3.18701
uniqueID-46,,Mapathon Radboud Nijmegen,"Radboud Universiteit, Nijmegen, The Netherlands",https://www.openstreetmap.org/way/4747311,https://www.rodekruis.nl/studentendesk-nijmegen/contact/,2020-03-03,17:30,21:00,[nl],,51.8215,5.8632
uniqueID-47,,Missing Maps London,"UCL, London, United Kingdom",https://www.openstreetmap.org/way/50059492#map=19/51.52400/-0.13399,https://www.eventbrite.co.uk/e/missing-maps-march-mapathon-tickets-93299271633,2020-03-03,18:00,21:00,[gb],,51.524,-0.13399
uniqueID-48,,HOT Training Webinar: JOSM for beginners,"Zoom, WorldWide",https://zoom.us/webinar/register/WN_1qNAh-iJT7uHUfJCCpxg4Q,https://zoom.us/webinar/register/WN_1qNAh-iJT7uHUfJCCpxg4Q,2020-02-29,10:00,11:00,[us],,,
uniqueID-49,,Missing Maps Windhoek,"Land Management Building, Windhoek, Namibia",https://www.openstreetmap.org/search?query=Namibia%20University%20of%20science%20and%20Technology%20land%20management%20building#map=19/-22.56611/17.07749,https://docs.google.com/forms/d/e/1FAIpQLSeQQgco0PSRpufAOQ2cWgSzEK2Ilbx7Va65pu48XYgQd20bPw/viewform?usp=pp_url,2020-02-28,14:00,20:00,[na],,-22.56611,17.07749
uniqueID-50,,Únorový brněnský Missing maps mapathon na Geografickém ústavu,"Department of Geography, Faculty of Science, Masaryk University, Brno, Czech Republic",https://www.openstreetmap.org/way/84965582,https://www.eventbrite.co.uk/e/brnensky-unorovy-missing-maps-mapathon-tickets-94062512507,2020-02-27,18:00,21:00,[cz],,49.20417,16.59799
uniqueID-51,,Karneval Mapathon,"Geozentrum Bonn , Bonn, Germany",https://www.openstreetmap.org/way/50171999,https://www.facebook.com/events/977130949336335/,2020-02-26,17:00,19:00,[de],,50.72477,7.09012
uniqueID-52,,Humanitarian Mapping Party,"Carolyn and Kem Gardner Commons, Rm 3399, Salt Lake City, United States",https://www.openstreetmap.org/way/503489218,https://forms.gle/tQTnqxUpusti73qA6,2020-02-26,15:00,17:00,[us],,40.76346,-111.84471
uniqueID-53,,Missing Maps Zürich February Mapathon,"Schweizerisches Rotes Kreuz, Zürich, Switzerland",https://www.openstreetmap.org/way/39425222,https://www.meetup.com/de-DE/Missing-Maps-Zurich/,2020-02-26,19:00,21:00,[ch],,47.38646,8.53587
uniqueID-54,,Únorový Missing Maps mapathon v Praze - v kanceláři KPMG,"KPMG Czech Republic, Praha, Czech Republic",https://osm.org/go/0J0ldIDxk?node=2757558289,https://www.eventbrite.co.uk/e/unorovy-missing-maps-mapathon-v-praze-v-kancelari-kpmg-tickets-94105902287?ref=enivtefor001&invite=MTkwOTM3MjEva2F0ZXJpbmEucGFuY3pha292YUBnbWFpbC5jb20vMA%3D%3D%0A&utm_source=eb_email&utm_medium=email&utm_campaign=inviteformalv2&utm_term=attend,2020-02-25,18:00,21:00,[cz],,50.09230524,14.43904996
uniqueID-55,,Map For Future,"Coworking Millepiani , Coworking Millepiani , Italy",https://www.openstreetmap.org/way/404195369,https://www.romaltruista.it/detail_volunteer_opportunities/34725,2020-02-21,18:00,20:00,[it],,41.86173,12.48665
uniqueID-56,,Mapathon v Jevíčku,"Gymnázium Jevíčko, A. K. Vitáka 452, 569 43 Jevíčko, Czech Republic, Jevíčko, Czech Republic",https://www.openstreetmap.org/search?query=jev%C3%AD%C4%8Dko#map=19/49.63110/16.70774,https://www.facebook.com/events/192637918789009/,2020-02-20,16:00,18:00,[cz],,49.6471,16.6873
uniqueID-57,,18. pravidelný olomoucký mapathon,"Přírodovědecká fakulta Univerzity Palackého v Olomouci, 17. listopadu 12, 77146 Olomouc, Czech Republic, Olomouc, Czech Republic",https://osm.org/go/0LRgaIkre?layers=N,https://www.facebook.com/events/796659510832071/,2020-02-19,18:00,20:00,[cz],,49.59248,17.26311
uniqueID-58,,Missing Maps iMMAP - U. del Rosario,"Universidad del Rosario, Bogota, Colombia",https://www.openstreetmap.org/#map=19/4.65449/-74.07246,https://www.eventbrite.com/e/missing-maps-immap-u-del-rosario-tickets-94677686509,2020-02-19,15:00,18:00,[co],,4.65449,-74.07246
uniqueID-59,,Mapathon Missing Maps CartONG,"Le Tuba, Lyon, France",https://www.openstreetmap.org/node/3837100089,https://www.eventbrite.ca/e/billets-mapathon-missing-maps-a-lyon-letuba-84912057249,2020-02-18,18:30,21:30,[fr],,45.7637971,4.8538376
uniqueID-60,,Missing Maps mapathon Žilina #8,"Scheidt & Bachmann Slovensko, Žilina, Slovakia",https://www.openstreetmap.org/?mlat=49.19551&mlon=18.74053#map=19/49.19551/18.74053,https://www.eventbrite.com/e/missing-maps-mapathon-zilina-8-tickets-92213873177?aff=missingmapsorg,2020-02-12,17:00,20:00,[sk],,49.19551,18.74053
uniqueID-61,,Missing Maps Berlin,"Factory Görlitzer Park, Berlin, Germany",https://www.openstreetmap.org/node/7188845984#map=19/52.49403/13.44628,https://www.eventbrite.com/e/missing-maps-mapathon-german-red-cross-berlin-tickets-91777191049,2020-02-12,18:00,21:00,[de],,52.49403,13.44628
uniqueID-62,,Missing Maps Mapathon,"Faculty of Logistics and Crisis Management, Uherské Hradiště, Czech Republic",https://www.openstreetmap.org/?mlat=49.07025&mlon=17.47286#map=18/49.07025/17.47287,https://www.facebook.com/events/489009878662896/,2020-02-10,15:00,19:00,[cz],,49.07025,17.47287
uniqueID-63,,Missing Maps - UW's Geospatial Club,"Anderson Hall - Room 207, Seattle, United States",https://www.openstreetmap.org/?mlat=47.651794105768204&mlon=-122.30761796236038#map=19/47.65179/-122.30762,https://catalyst.uw.edu/webq/survey/astrid87/384704,2020-02-07,11:00,1:00,[us],,47.65179,-122.30762
uniqueID-64,,Doctors Without Borders NYC Mapathon,"Doctors Without Borders Headquarters, New York, NY, United States",https://www.openstreetmap.org/way/278033631,https://www.eventbrite.com/e/doctors-without-borders-nyc-mapathon-registration-82618013703,2020-02-06,18:00,21:00,[us],,40.70867,-74.01467
uniqueID-65,,Humanitarian Map-a-thon: DH for Disaster Relief,"Pace Univerity, Babble Lab, Rm. 202, New York City, United States",https://www.openstreetmap.org/#map=18/40.7117566/-74.0062178,https://nycdh.org/dhweek/event/humanitarian-map-a-thon-dh-for-disaster-relief/,2020-02-06,15:00,17:00,[us],,40.71176,-74.00622
uniqueID-66,,Mapathon Missing maps,"La Turbine.coop, Grenoble, France",https://www.openstreetmap.org/search?query=la%20turbine.coop#map=19/45.18764/5.70506,https://www.eventbrite.ca/e/billets-mapathon-missing-maps-a-grenoble-la-turbinecoop-85472445385,2020-02-05,18:30,21:30,[fr],,45.18764,5.70506
uniqueID-67,,Missing Maps London,"Microsoft Reactor, London, United Kingdom",https://www.openstreetmap.org/node/7121959285,https://www.eventbrite.co.uk/e/missing-maps-february-mapathon-tickets-89217741667,2020-02-04,18:00,21:00,[gb],,51.5218085,-0.0844662
uniqueID-68,,Missing Maps Zürich January Mapathon,"Schweizerisches Rotes Kreuz, Zürich, Switzerland",https://www.openstreetmap.org/way/39425222,https://www.meetup.com/de-DE/Missing-Maps-Zurich/,2020-01-29,19:00,21:00,[ch],,47.38642,8.53589
uniqueID-69,,Lednový Missing Maps mapathon v Praze,"Lednový Missing Maps mapathon v Praze - v kanceláři Lékařů bez hranic, Prague, Czech Republic",https://www.openstreetmap.org/node/6476306091,https://www.eventbrite.co.uk/e/lednovy-missing-maps-mapathon-v-praze-v-kancelari-lekaru-bez-hranic-tickets-90579239945?ref=enivtefor001&invite=MTg4NjgzNTUvamlyaS5odWJhY2VrQGdtYWlsLmNvbS8w%0A,2020-01-28,18:00,21:00,[cz],,50.1060283,14.472524
uniqueID-70,,Mapaton de la Escuela de ingenierias,"Escuela de Ingenierías de la Universidad de León. Callejón Campus Vegazana, s/n, 24007 León , Leon, Spain",https://www.openstreetmap.org/search?whereami=1&query=42.61442%2C-5.56207#map=19/42.61442/-5.56207&layers=N,https://forms.office.com/Pages/ResponsePage.aspx?id=-QiRdbPNBEu5dj6bPZrQvqNdx04FWjJDt0S332v3Y9FUMjNDUUo5V0tZSDI1SExaVk9IMjZPT004WS4u,2020-01-28,17:00,19:00,[es],,42.61442,-5.56207
uniqueID-71,,Mapathon@BOKU,"TÜWI Lokal, TÜWI Lokal, Austria",https://www.openstreetmap.org/node/4530145086,https://www.facebook.com/events/401313737327444/,2020-01-28,17:00,21:00,[at],,48.2376092,16.3347888
uniqueID-72,,Mapathon Missing maps CartONG,"L'ESS'Pace, Paris, France",https://www.openstreetmap.org/node/7028455668,https://www.eventbrite.ca/e/billets-mapathon-missing-maps-a-paris-lesspace-84720462183,2020-01-27,19:00,21:00,[fr],,48.8270088,2.3831178
uniqueID-73,,Map For Future,"Millepiani Coworking, Rome, Italy",https://www.openstreetmap.org/way/404195369,https://www.romaltruista.it/detail_volunteer_opportunities/34409,2020-01-24,18:00,20:00,[it],,41.86173,12.48669
uniqueID-74,,Missing Maps mapathon Bratislava #8,"Faculty of Civil Engineering, Slovak University of Technology in Bratislava, Bratislava, Slovakia",https://www.openstreetmap.org/?mlat=48.15198&mlon=17.11533#map=19/48.15198/17.11533,https://www.eventbrite.com/e/missing-maps-mapathon-bratislava-8-tickets-87019719323?aff=missingmapsorg,2020-01-23,17:00,20:00,[sk],,48.15198,17.11533
uniqueID-75,,Maptime Salzburg Mapathon,"iDEAS:lab, Salzburg, Salzburg, Austria",https://www.openstreetmap.org/node/4787833494,https://www.meetup.com/Maptime-Salzburg/events/267722655/,2020-01-23,19:00,21:00,[at],,47.82362,13.03962
uniqueID-76,,Mapathon Missing Maps CartONG,"Le Tuba, Lyon, France",https://www.openstreetmap.org/node/3837100089,https://www.eventbrite.ca/e/billets-mapathon-missing-maps-a-lyon-letuba-84908992081,2020-01-21,18:30,21:30,[fr],,45.7637971,4.8538376
uniqueID-77,,Missing Maps: Mapathon 2020,"Boyd Orr Building, University of Glasgow, Glasgow, United Kingdom",https://www.openstreetmap.org/way/59189225,https://www.eventbrite.co.uk/e/missing-maps-mapathon-2020-tickets-87066613585,2020-01-21,18:00,20:00,[gb],,55.87357,-4.29269
uniqueID-78,,Missing Maps Mapathon,"Wikimedia Deutschland e.V., Berlin, Germany",https://www.openstreetmap.org/#map=19/52.49841/13.38071,https://www.eventbrite.com/e/missing-maps-mapathon-putting-the-worlds-vulnerable-people-on-the-map-registration-86116389439,2020-01-16,19:00,22:00,[de],,52.49841,13.38071
uniqueID-79,,Missing Maps Berlin,"Wikimedia, Berlin, Germany",https://www.openstreetmap.org/node/2551527703#map=19/52.49841/13.38105,https://www.eventbrite.com/e/missing-maps-mapathon-putting-the-worlds-vulnerable-people-on-the-map-registration-86116389439,2020-01-16,19:00,22:00,[de],,52.49841,13.38105
uniqueID-80,,Mapathon CartONG Missing Maps,"La Dynamo, Chambéry, France",https://www.openstreetmap.org/way/110779064,https://www.eventbrite.ca/e/billets-mapathon-missing-maps-a-chambery-la-dynamo-84719916551,2020-01-08,18:30,21:30,[fr],,45.5903,5.92048
uniqueID-81,,Missing Maps London,"Linklaters, London, United Kingdom",https://www.openstreetmap.org/node/2639375134,https://www.eventbrite.co.uk/e/missing-maps-january-mapathon-tickets-85074717771,2020-01-07,18:00,21:00,[gb],,51.520343,-0.0923418